Regularization,Train_Accuracy,Test_Accuracy,Accuracy_Diff,ROC_AUC,Non_Zero_Coefficients
No Regularization,0.7739583333333333,0.7708333333333334,0.0031249999999999334,0.5706521739130435,55
L1 Regularization,0.76875,0.775,-0.006249999999999978,0.5665760869565217,42
L2 Regularization,0.7739583333333333,0.775,-0.0010416666666667185,0.5721079192546583,55
ElasticNet,0.76875,0.775,-0.006249999999999978,0.5685170807453417,43
